INSERT INTO ASIGNATURA(CODE,ACRONYM,DEPARTMENT,NAME) VALUES('8','CORE','DIT','Computación en red')
INSERT INTO ASIGNATURA(CODE,ACRONYM,DEPARTMENT,NAME) VALUES('9','ISST','DIT','Ingeniería de sistemas y servicios telemáticos')
INSERT INTO ASIGNATURA(CODE,ACRONYM,DEPARTMENT,NAME) VALUES('10','REDES','DIT','REDES')
INSERT INTO ASIGNATURA(CODE,ACRONYM,DEPARTMENT,NAME) VALUES('1','ELMG','SSR','ELECTROMAGNETISMO')
INSERT INTO ASIGNATURA(CODE,ACRONYM,DEPARTMENT,NAME) VALUES('4','TECM','SSR','teoria de la comunicacion')

INSERT INTO ALUMNO(MAIL,NAME) VALUES('alumno1@alumnos.upm.es','PEDRO')
INSERT INTO ALUMNO(MAIL,NAME) VALUES('alumno2@alumnos.upm.es','SERGIO')
INSERT INTO ALUMNO(MAIL,NAME) VALUES('alumno3@alumnos.upm.es','RICARDO')
INSERT INTO ALUMNO(MAIL,NAME) VALUES('alumno4@alumnos.upm.es','LUIS')
INSERT INTO ALUMNO(MAIL,NAME) VALUES('alumno5@alumnos.upm.es','MARTA')

INSERT INTO PROFESOR(MAIL,NAME) VALUES('profesor2@upm.es','Profesor 2')
INSERT INTO PROFESOR(MAIL,NAME) VALUES('profesor1@upm.es','PROFESOR 1')

INSERT INTO CALIFICACION(NOTA,DEFINITIVA,STUDENT_MAIL,SUBJECT_CODE,REVISADA,TEACHER_MAIL,FECHA_PUBLI,FECHA_REV) VALUES(6.3,FALSE,'alumno1@alumnos.upm.es','8',0,'profesor1@upm.es','2021-5-30','2021-6-5')
INSERT INTO CALIFICACION(NOTA,DEFINITIVA,STUDENT_MAIL,SUBJECT_CODE,REVISADA,TEACHER_MAIL,FECHA_PUBLI,FECHA_REV) VALUES(8.2,FALSE,'alumno1@alumnos.upm.es','9',1,'profesor1@upm.es','2021-5-30','2021-6-5')
INSERT INTO CALIFICACION(NOTA,DEFINITIVA,STUDENT_MAIL,SUBJECT_CODE,REVISADA,TEACHER_MAIL,FECHA_PUBLI,FECHA_REV) VALUES(9.1,TRUE,'alumno1@alumnos.upm.es','10',2,'profesor1@upm.es','2021-5-30','2021-6-5')
INSERT INTO CALIFICACION(NOTA,DEFINITIVA,STUDENT_MAIL,SUBJECT_CODE,REVISADA,TEACHER_MAIL,FECHA_PUBLI,FECHA_REV) VALUES(9,TRUE,'alumno2@alumnos.upm.es','1',2,'profesor2@upm.es','2021-5-30','2021-6-5')
INSERT INTO CALIFICACION(NOTA,DEFINITIVA,STUDENT_MAIL,SUBJECT_CODE,REVISADA,TEACHER_MAIL,FECHA_PUBLI,FECHA_REV) VALUES(9,FALSE,'alumno2@alumnos.upm.es','4',0,'profesor2@upm.es','2021-5-30','2021-6-5')
INSERT INTO CALIFICACION(NOTA,DEFINITIVA,STUDENT_MAIL,SUBJECT_CODE,REVISADA,TEACHER_MAIL,FECHA_PUBLI,FECHA_REV) VALUES(9,FALSE,'alumno3@alumnos.upm.es','4',0,'profesor2@upm.es','2021-5-30','2021-6-5')
INSERT INTO CALIFICACION(NOTA,DEFINITIVA,STUDENT_MAIL,SUBJECT_CODE,REVISADA,TEACHER_MAIL,FECHA_PUBLI,FECHA_REV) VALUES(9,FALSE,'alumno3@alumnos.upm.es','8',0,'profesor1@upm.es','2021-5-30','2021-6-5')
INSERT INTO CALIFICACION(NOTA,DEFINITIVA,STUDENT_MAIL,SUBJECT_CODE,REVISADA,TEACHER_MAIL,FECHA_PUBLI,FECHA_REV) VALUES(9,FALSE,'alumno3@alumnos.upm.es','9',0,'profesor1@upm.es','2021-5-30','2021-6-5')
INSERT INTO CALIFICACION(NOTA,DEFINITIVA,STUDENT_MAIL,SUBJECT_CODE,REVISADA,TEACHER_MAIL,FECHA_PUBLI,FECHA_REV) VALUES(9,FALSE,'alumno3@alumnos.upm.es','10',0,'profesor1@upm.es','2021-5-30','2021-6-5')

INSERT INTO ALUMNO_ASIGNATURA(ALUMNO_ID,ASIGNATURA_ID) VALUES('alumno1@alumnos.upm.es','8')
INSERT INTO ALUMNO_ASIGNATURA(ALUMNO_ID,ASIGNATURA_ID) VALUES('alumno1@alumnos.upm.es','9')
INSERT INTO ALUMNO_ASIGNATURA(ALUMNO_ID,ASIGNATURA_ID) VALUES('alumno1@alumnos.upm.es','10')
INSERT INTO ALUMNO_ASIGNATURA(ALUMNO_ID,ASIGNATURA_ID) VALUES('alumno1@alumnos.upm.es','4')
INSERT INTO ALUMNO_ASIGNATURA(ALUMNO_ID,ASIGNATURA_ID) VALUES('alumno1@alumnos.upm.es','1')

INSERT INTO ALUMNO_ASIGNATURA(ALUMNO_ID,ASIGNATURA_ID) VALUES('alumno2@alumnos.upm.es','4')
INSERT INTO ALUMNO_ASIGNATURA(ALUMNO_ID,ASIGNATURA_ID) VALUES('alumno2@alumnos.upm.es','1')
INSERT INTO ALUMNO_ASIGNATURA(ALUMNO_ID,ASIGNATURA_ID) VALUES('alumno2@alumnos.upm.es','8')
INSERT INTO ALUMNO_ASIGNATURA(ALUMNO_ID,ASIGNATURA_ID) VALUES('alumno2@alumnos.upm.es','9')
INSERT INTO ALUMNO_ASIGNATURA(ALUMNO_ID,ASIGNATURA_ID) VALUES('alumno2@alumnos.upm.es','10')

INSERT INTO ALUMNO_ASIGNATURA(ALUMNO_ID,ASIGNATURA_ID) VALUES('alumno3@alumnos.upm.es','8')
INSERT INTO ALUMNO_ASIGNATURA(ALUMNO_ID,ASIGNATURA_ID) VALUES('alumno3@alumnos.upm.es','9')
INSERT INTO ALUMNO_ASIGNATURA(ALUMNO_ID,ASIGNATURA_ID) VALUES('alumno3@alumnos.upm.es','10')
INSERT INTO ALUMNO_ASIGNATURA(ALUMNO_ID,ASIGNATURA_ID) VALUES('alumno3@alumnos.upm.es','4')
INSERT INTO ALUMNO_ASIGNATURA(ALUMNO_ID,ASIGNATURA_ID) VALUES('alumno3@alumnos.upm.es','1')

INSERT INTO ALUMNO_ASIGNATURA(ALUMNO_ID,ASIGNATURA_ID) VALUES('alumno4@alumnos.upm.es','8')
INSERT INTO ALUMNO_ASIGNATURA(ALUMNO_ID,ASIGNATURA_ID) VALUES('alumno4@alumnos.upm.es','9')
INSERT INTO ALUMNO_ASIGNATURA(ALUMNO_ID,ASIGNATURA_ID) VALUES('alumno4@alumnos.upm.es','10')
INSERT INTO ALUMNO_ASIGNATURA(ALUMNO_ID,ASIGNATURA_ID) VALUES('alumno4@alumnos.upm.es','4')
INSERT INTO ALUMNO_ASIGNATURA(ALUMNO_ID,ASIGNATURA_ID) VALUES('alumno4@alumnos.upm.es','1')


INSERT INTO ALUMNO_ASIGNATURA(ALUMNO_ID,ASIGNATURA_ID) VALUES('alumno5@alumnos.upm.es','8')
INSERT INTO ALUMNO_ASIGNATURA(ALUMNO_ID,ASIGNATURA_ID) VALUES('alumno5@alumnos.upm.es','9')
INSERT INTO ALUMNO_ASIGNATURA(ALUMNO_ID,ASIGNATURA_ID) VALUES('alumno5@alumnos.upm.es','10')
INSERT INTO ALUMNO_ASIGNATURA(ALUMNO_ID,ASIGNATURA_ID) VALUES('alumno5@alumnos.upm.es','4')
INSERT INTO ALUMNO_ASIGNATURA(ALUMNO_ID,ASIGNATURA_ID) VALUES('alumno5@alumnos.upm.es','1')


INSERT INTO PROFESOR_ASIGNATURA(PROFESOR_ID,ASIGNATURA_ID) VALUES('profesor2@upm.es','1')
INSERT INTO PROFESOR_ASIGNATURA(PROFESOR_ID,ASIGNATURA_ID) VALUES('profesor2@upm.es','4')
INSERT INTO PROFESOR_ASIGNATURA(PROFESOR_ID,ASIGNATURA_ID) VALUES('profesor1@upm.es','8')
INSERT INTO PROFESOR_ASIGNATURA(PROFESOR_ID,ASIGNATURA_ID) VALUES('profesor1@upm.es','10')
INSERT INTO PROFESOR_ASIGNATURA(PROFESOR_ID,ASIGNATURA_ID) VALUES('profesor1@upm.es','9')


